sep=;
Date;Bid;Ask;Opening price;High price;Low price;Closing price;Average price;Total volume;Turnover;Trades;
2019-06-05;160,05;160,10;158,30;161,85;157,80;160,45;160,011;1775459;284085748,9;5989;
2019-06-04;157,25;157,30;154,15;157,40;153,20;157,40;156,313;1035499;161871026,83;2584;
2019-06-03;154,05;154,20;155,00;155,05;152,10;154,30;153,594;1072686;164751774,68;3035;
2019-05-31;155,10;155,15;155,50;156,10;153,35;155,50;154,993;1530331;237188316,55;4228;
2019-05-29;156,25;156,30;158,00;158,35;156,00;156,55;156,748;457908;71778400,21;1567;
2019-05-28;158,70;158,80;158,80;159,50;157,45;159,25;159,094;1558699;247967279,84;2080;
2019-05-27;158,70;158,85;159,40;159,90;158,55;158,80;158,897;287713;45717682,27;1210;
2019-05-24;159,00;159,05;158,00;159,80;157,85;159,00;159,007;873375;138873214,84;2218;
2019-05-23;157,80;157,85;158,80;159,85;157,85;158,20;158,654;932366;147927244,49;3274;
2019-05-22;160,10;160,20;161,20;161,60;159,80;160,65;160,429;1559505;250464811,24;2335;
2019-05-21;160,75;160,80;159,85;161,05;159,85;161,00;160,765;878164;141119568,33;1890;
2019-05-20;159,25;159,35;159,35;160,70;158,15;159,75;159,499;1023780;163971237,92;2576;
2019-05-17;160,70;160,75;161,80;162,25;159,65;161,15;160,701;1128969;181426342,38;3460;
2019-05-16;161,55;161,60;162,10;162,10;160,35;162,00;161,483;1067345;172355109,98;2883;
2019-05-15;161,75;161,80;162,50;163,05;159,90;162,10;161,381;864844;139554259,43;2576;
2019-05-14;161,35;161,45;159,15;161,85;159,15;161,35;161,045;744242;119854189,14;2412;
2019-05-13;159,40;159,50;160,10;160,70;158,30;158,90;159,138;1012120;161064189,27;2776;
2019-05-10;160,25;160,30;160,30;162,30;159,90;160,10;160,624;794021;127549236,5;1958;
2019-05-09;158,85;158,95;160,70;162,05;158,90;159,20;160,118;999076;159973955,43;2945;
2019-05-08;161,60;161,70;160,10;161,85;159,80;161,50;161,165;1163993;187592928,5;3397;
2019-05-07;160,50;160,60;162,00;163,50;160,20;160,45;161,339;1034342;166853148,01;2989;
2019-05-06;162,55;162,65;161,85;162,65;160,80;162,60;161,875;931456;150733122,88;2526;
2019-05-03;164,65;164,75;164,20;165,35;164,00;164,15;164,474;1305864;214803928,52;3925;
2019-05-02;165,60;165,70;165,00;166,35;163,05;165,70;165,237;1696367;280291758,62;5269;
2019-04-30;165,90;166,00;169,90;170,50;165,30;165,30;166,47;1129092;187991356,2;2919;
2019-04-29;170,00;170,05;169,20;172,20;168,60;170,10;170,398;1970020;335586983,69;4937;
2019-04-26;169,65;169,75;166,50;171,30;165,35;169,60;168,381;4530427;763127850,66;14894;
2019-04-25;177,10;177,15;175,50;177,80;175,35;177,65;177,198;1757833;311473925,78;4341;
2019-04-24;175,55;175,60;174,85;176,25;174,85;175,85;175,698;1135260;199459256,7;3575;
2019-04-23;175,35;175,45;175,35;176,05;174,20;175,50;175,255;1188929;208371061,71;3926;
2019-04-18;175,75;175,85;174,95;176,35;174,65;175,50;175,497;467996;81868546,7;1106;
2019-04-17;174,75;174,85;174,10;175,40;173,60;175,05;174,857;797573;139459483,71;2547;
2019-04-16;173,70;173,80;174,75;175,35;172,90;174,15;174,198;1349452;235072551,74;4180;
2019-04-15;175,60;175,75;176,20;176,65;175,05;175,60;175,709;838518;147337810,21;2528;
2019-04-12;176,20;176,30;175,05;177,85;174,20;176,70;176,773;946939;167386671,42;2471;
2019-04-11;175,80;175,90;174,85;176,90;174,60;176,05;175,986;1163817;204805777,44;3698;
2019-04-10;174,35;174,45;172,15;174,75;172,10;174,75;174,116;1048731;182589149,83;2860;
2019-04-09;172,30;172,40;174,25;174,70;171,95;172,15;172,901;805365;139259062,99;2334;
2019-04-08;174,05;174,15;173,75;174,25;173,00;174,25;173,969;944002;164216184,21;2972;
2019-04-05;174,40;174,50;173,15;174,50;172,85;174,35;173,82;795526;138272395,56;2617;
2019-04-04;173,10;173,20;173,85;174,15;173,05;173,60;173,556;1003102;174094439,55;3277;
2019-04-03;174,10;174,20;174,50;176,70;173,75;174,65;174,737;1688877;295104906,13;3915;
2019-04-02;172,25;172,35;172,20;173,35;172,05;172,60;172,634;1307833;225775919,96;3667;
2019-04-01;173,40;173,55;169,60;173,65;169,25;173,65;172,529;1883021;323659112,94;3927;
2019-03-29;168,65;168,75;168,90;170,30;167,60;168,90;168,844;2329699;388056121,57;5205;
2019-03-28;174,85;174,95;173,85;176,30;173,40;174,55;174,843;2147525;375455553,19;5223;
2019-03-27;173,65;173,80;172,40;174,35;172,30;173,85;173,486;1129790;196004429,48;3688;
2019-03-26;172,25;172,35;172,75;172,75;171,20;172,35;172,134;753405;129684971,39;2784;
2019-03-25;172,25;172,35;170,00;172,60;169,35;172,25;171,653;901557;154748556,78;3577;
2019-03-22;170,75;170,85;172,30;174,15;170,50;170,50;171,646;1102846;189178211,5;3638;
2019-03-21;171,20;171,35;172,00;174,35;168,00;171,00;170,899;1965771;335887574,85;6202;
2019-03-20;175,45;175,55;175,00;176,45;173,80;175,25;175,579;1311698;230312192,39;3071;
2019-03-19;175,30;175,35;174,85;175,65;173,05;175,40;175,038;1235456;215672636,71;3225;
2019-03-18;174,40;174,50;173,20;175,85;173,20;174,50;174,505;4040552;672607630,54;5231;
2019-03-15;171,40;171,45;169,85;172,80;169,35;171,85;171,57;2293587;393476620,02;5218;
2019-03-14;169,10;169,15;165,95;169,90;165,65;169,90;169,126;1309869;221523749,31;2602;
2019-03-13;165,80;165,85;165,55;166,75;163,80;166,30;166,064;1609031;267223921,67;4324;
2019-03-12;167,30;167,40;166,95;168,20;166,65;167,30;167,411;781523;130837320,06;1736;
2019-03-11;166,65;166,75;164,80;166,90;164,55;166,60;166,299;880612;146440788,21;2187;
2019-03-08;164,50;164,60;163,55;165,00;163,55;164,40;164,215;691776;113599133,45;1783;
2019-03-07;165,35;165,50;167,50;167,50;164,95;165,65;165,853;861805;142950010,57;2401;
2019-03-06;167,20;167,30;167,60;168,60;166,80;167,50;167,678;703656;117991086,91;1991;
2019-03-05;167,75;167,85;167,40;167,90;166,25;167,65;167,375;685915;114803705,21;1899;
2019-03-04;167,30;167,40;166,20;167,75;165,20;167,40;167,21;799729;133720938,49;1950;
2019-03-01;165,70;165,80;167,00;167,15;165,60;166,20;166,31;1181124;196433287,78;2971;
2019-02-28;166,25;166,35;165,90;166,60;164,85;166,60;166,216;1114594;185253196,13;2129;
2019-02-27;165,80;165,90;164,75;166,30;164,75;166,25;165,96;630112;104569828,72;1843;
2019-02-26;166,35;166,45;164,80;166,85;164,65;166,40;165,929;967177;160477638;3208;
2019-02-25;165,50;165,65;166,50;167,00;164,35;165,75;165,65;930215;154087989,02;2748;
2019-02-22;166,45;166,55;164,40;166,75;164,40;166,50;166,295;978776;162758728,46;2639;
2019-02-21;164,75;164,85;164,15;166,25;163,70;164,35;164,844;1301369;214549249,93;3286;
2019-02-20;164,30;164,40;161,80;165,20;161,70;164,25;163,685;1659321;271587206,91;4690;
2019-02-19;161,40;161,45;161,45;162,40;160,85;161,45;161,551;1362685;220145584,1;3582;
2019-02-18;161,85;161,95;162,05;162,60;161,10;161,75;161,66;1708416;274619756,62;3216;
2019-02-15;161,80;161,90;162,15;163,35;161,60;162,60;162,553;1893724;307829289,12;4669;
2019-02-14;162,95;163,05;162,40;164,35;162,00;162,90;163,113;1464682;238916484,11;3718;
2019-02-13;162,40;162,50;160,85;163,25;160,55;162,40;162,21;1615849;262097694,26;4821;
2019-02-12;161,00;161,10;159,10;161,70;159,10;161,05;160,92;1463330;235478267,89;4433;
2019-02-11;158,30;158,40;150,30;159,50;149,50;158,70;156,524;2972397;465769373,92;9883;
2019-02-08;150,30;150,35;147,45;152,60;146,05;150,40;150,114;4611172;692134415,43;13936;
2019-02-07;160,65;160,80;163,20;163,90;160,60;161,10;161,53;1336896;215942708,4;3346;
2019-02-06;163,80;163,95;163,50;164,05;162,00;163,70;163,567;1174798;192151614,25;3149;
2019-02-05;163,60;163,70;160,40;163,70;160,40;163,55;162,646;1479856;240681381,32;4579;
2019-02-04;159,70;159,80;159,50;160,00;159,05;159,55;159,562;773746;123460652,62;2323;
2019-02-01;159,00;159,15;158,25;159,65;157,75;159,50;159,203;819905;130529683,2;2580;
2019-01-31;158,10;158,20;160,10;161,40;157,25;158,15;158,83;1515760;240779419,81;3888;
2019-01-30;159,90;160,00;160,60;161,15;159,00;160,00;159,901;1702782;272284395,08;6026;
2019-01-29;162,55;162,60;160,05;163,15;160,05;162,45;162,168;1042991;169138921,96;2890;
2019-01-28;160,50;160,60;161,15;162,30;160,15;160,35;160,85;827548;133115691,99;3102;
2019-01-25;161,25;161,35;160,00;161,90;160,00;161,30;161,146;1038981;167422416,29;3384;
2019-01-24;158,90;159,00;159,80;160,75;158,05;159,00;158,948;1026802;163212645,94;2973;
2019-01-23;159,20;159,30;158,05;159,90;157,05;159,30;159,056;765623;121773752,53;2901;
2019-01-22;158,10;158,20;157,60;159,25;157,55;158,45;158,568;1643433;260119429,9;1788;
2019-01-21;158,35;158,45;158,20;158,50;156,70;158,30;157,883;679082;106791177,93;1760;
2019-01-18;157,55;157,65;155,55;158,20;155,45;158,20;157,472;2407141;379059418,12;5048;
2019-01-17;154,90;155,00;153,05;155,30;152,80;155,05;154,60;588547;90983021,23;2005;
2019-01-16;153,85;153,95;151,90;154,40;151,90;154,25;153,786;1000322;153832261,48;2546;
2019-01-15;151,60;151,70;153,60;155,60;151,65;151,85;152,583;669707;102191908,83;2327;
2019-01-14;152,65;152,75;153,40;153,75;152,25;152,90;152,905;669362;102351807,43;2227;
2019-01-11;153,95;154,05;152,95;154,35;152,60;153,95;153,82;1024164;157532923,72;2982;
2019-01-10;151,50;151,55;149,75;151,90;149,60;151,75;150,984;1123090;169539478,02;3875;
2019-01-09;149,70;149,85;150,00;150,40;148,40;150,15;149,732;1419360;212546667;3524;
2019-01-08;147,60;147,70;146,00;148,15;145,50;147,80;147,525;1574195;232357339,87;2359;
2019-01-07;146,15;146,25;144,95;147,05;144,30;146,25;145,963;1023054;149331872,02;2952;
2019-01-04;144,15;144,25;141,25;144,80;141,25;144,60;143,835;883308;127048135,51;2302;
2019-01-03;140,75;140,85;139,65;142,05;139,15;140,85;140,897;623089;87789455,61;2127;
2019-01-02;140,90;140,95;140,00;141,25;137,20;140,95;139,979;1235838;173033935,17;3450;
2018-12-28;140,50;140,60;139,35;141,75;139,35;141,00;141,004;1289979;181893158,81;2945;
2018-12-27;138,35;138,45;140,20;142,20;137,85;138,55;139,162;1317625;185993660,12;3927;
2018-12-21;140,35;140,45;140,50;141,75;139,70;140,55;140,521;1424461;200167176,8;4025;
2018-12-20;141,50;141,60;142,50;143,45;140,60;141,10;141,644;1655335;234468624,36;4564;
2018-12-19;143,70;143,80;141,00;144,45;141,00;144,05;143,663;1307766;187864626,93;3060;
2018-12-18;141,80;141,90;142,75;143,30;141,60;141,60;142,10;1148385;163190304,71;2793;
2018-12-17;143,60;143,70;144,00;144,90;142,45;143,15;143,376;864992;124018316,11;2479;
2018-12-14;144,00;144,10;142,35;145,20;141,85;144,15;143,881;1661222;239398861,94;2774;
2018-12-13;144,00;144,10;144,00;145,00;143,35;143,95;144,164;905423;130532986,08;2806;
2018-12-12;143,40;143,50;139,10;144,40;138,70;143,90;142,396;1521969;216701857,32;4068;
2018-12-11;138,30;138,40;135,55;140,35;135,20;138,60;138,859;1950946;270906318,61;5794;
2018-12-10;134,75;134,85;137,00;137,00;134,75;134,85;135,629;1344755;182390899,39;4471;
2018-12-07;137,50;137,60;137,25;139,50;137,20;137,55;138,311;1153462;159551643,5;3880;
2018-12-06;137,25;137,35;139,10;139,10;136,30;136,80;137,556;1511023;207855840,52;5296;
2018-12-05;140,00;140,10;141,05;141,75;139,85;139,85;140,626;1214895;170852637,68;2974;
2018-12-04;142,95;143,05;144,00;145,30;142,20;142,60;143,317;1257325;180204978,05;3463;
2018-12-03;144,75;144,85;144,15;146,65;144,05;144,55;145,013;1342994;194755993,51;3583;
2018-11-30;143,30;143,40;144,55;144,75;142,25;143,05;143,169;1805493;258495292,54;3317;
2018-11-29;144,35;144,45;143,90;145,70;143,55;144,55;144,591;1125379;162744158,73;3326;
2018-11-28;142,80;142,90;143,55;144,85;142,75;143,00;143,388;1292731;185364976,5;3110;
2018-11-27;143,25;143,30;144,85;145,40;142,25;143,30;143,478;1293048;185528653,81;3482;
2018-11-26;144,95;145,05;143,30;145,75;142,95;145,15;145,017;969291;140562559,25;2297;
2018-11-23;142,20;142,30;141,95;143,75;141,75;142,80;142,808;629630;89915104,16;1958;
2018-11-22;142,45;142,50;142,60;143,40;140,95;142,20;142,347;740654;105428078,21;2114;
2018-11-21;142,50;142,60;140,80;142,70;140,25;142,55;141,824;859868;121948281,4;2020;
2018-11-20;140,40;140,50;142,00;142,00;139,25;140,55;140,551;1245342;175032634,35;3963;
2018-11-19;142,70;142,80;144,85;146,35;142,75;142,90;144,137;1436994;207508154,17;3402;
2018-11-16;144,65;144,70;144,00;146,35;143,45;144,85;144,759;1173425;169866883,32;3923;
2018-11-15;143,65;143,75;145,20;146,65;143,55;143,75;144,488;1021327;147570141,64;2777;
2018-11-14;144,80;144,90;145,95;146,65;144,80;145,20;145,614;1008115;146796670,47;2895;
2018-11-13;146,90;147,00;147,25;148,25;145,60;147,00;146,975;1143212;168025411,71;3272;
2018-11-12;147,45;147,50;148,25;149,55;147,05;147,30;147,751;1996714;295037176,93;5019;
2018-11-09;147,30;147,40;143,30;149,00;143,30;147,20;146,823;2699819;396328901,42;8196;
2018-11-08;142,95;143,10;144,00;149,70;142,50;142,90;143,76;1420303;204197168,75;5059;
2018-11-07;143,55;143,65;144,35;145,00;142,80;143,65;143,691;920866;132320638,9;3281;
2018-11-06;143,95;144,05;144,00;144,40;143,50;144,10;143,996;832517;119878919,75;2392;
2018-11-05;143,80;143,90;143,65;144,30;142,55;143,70;143,511;884379;126918176,95;3258;
2018-11-02;144,65;144,75;144,50;145,60;144,15;144,90;144,879;489935;70981826,38;1692;
2018-11-01;142,65;142,70;144,10;144,10;142,35;142,95;142,927;1331942;190366564,62;4582;
2018-10-31;144,05;144,10;143,75;145,40;143,10;144,05;144,35;2214247;319302678,56;3921;
2018-10-30;142,25;142,35;141,30;142,40;139,50;142,40;141,134;1245121;175726600,38;3995;
2018-10-29;140,25;140,30;138,00;142,70;137,75;140,75;140,883;1453448;204763669,07;4681;
2018-10-26;137,20;137,30;137,10;138,15;135,05;137,65;136,894;2084582;285367774,89;5807;
2018-10-25;136,80;136,90;135,55;140,25;135,50;137,15;137,664;2552846;351432897,42;7226;
2018-10-24;136,85;136,95;141,05;142,55;136,80;137,00;139,022;3136770;436106287,05;8234;
2018-10-23;141,45;141,55;144,00;144,00;140,05;141,40;141,118;2607745;367944301,79;7602;
2018-10-22;144,50;144,60;147,25;149,25;144,20;144,50;145,536;3112567;453329813,8;9045;
2018-10-19;144,45;144,60;151,00;153,50;141,90;144,25;146,895;7371506;1083048493,37;21050;
2018-10-18;161,35;161,45;161,80;162,70;161,00;161,40;161,645;1518673;245485672,59;5104;
2018-10-17;162,15;162,20;164,20;165,60;161,35;162,25;162,833;1408448;229341675,11;4614;
2018-10-16;163,80;163,90;160,00;164,20;158,20;164,05;161,535;2009949;324624701,04;6201;
2018-10-15;162,75;162,85;163,80;163,95;161,40;162,80;162,694;1551377;252402487,34;4804;
2018-10-12;163,90;164,00;167,45;168,75;163,20;163,85;165,137;2263577;373806294,51;5918;
2018-10-11;167,00;167,10;170,50;171,35;166,50;166,50;168,022;2245806;377370003,9;5803;
2018-10-10;173,20;173,30;174,95;175,55;172,55;173,45;173,747;1132412;196757543,75;3604;
2018-10-09;174,75;174,85;172,90;175,40;172,90;175,00;174,546;1113515;194359057,8;3140;
2018-10-08;172,80;172,90;173,80;173,85;172,50;172,80;173,025;815846;141161543,13;2643;
2018-10-05;173,95;174,00;175,00;175,65;173,80;174,00;174,339;997245;173859086,41;3003;
2018-10-04;175,40;175,50;177,00;177,60;174,65;175,20;175,478;1064124;186762038,2;2785;
2018-10-03;177,90;178,00;175,65;178,00;175,55;177,80;177,15;1078466;191045776,76;3012;
2018-10-02;175,45;175,55;175,30;175,50;174,25;175,50;175,007;850710;148879963,13;2378;
2018-10-01;175,60;175,70;174,25;175,95;173,80;175,80;175,356;929768;163038876,36;2980;
2018-09-28;174,85;174,95;175,45;175,45;173,45;174,55;174,193;1412786;246090852,39;3674;
2018-09-27;175,50;175,60;173,65;175,90;173,25;175,65;175,063;1239956;217064178,02;3538;
2018-09-26;173,95;174,05;174,95;175,85;173,35;174,30;174,072;1409505;245362392,3;3387;
2018-09-25;174,45;174,55;175,20;176,10;174,30;174,90;175,192;1046937;183417806,94;3209;
2018-09-24;175,80;175,90;178,85;178,85;174,75;175,85;175,778;1275199;224109234,83;4264;
2018-09-21;179,30;179,40;179,25;180,20;179,05;179,70;179,666;1503707;270165010,3;3074;
2018-09-20;178,70;178,75;178,30;179,75;177,80;179,05;179,037;1106258;198056416,52;2998;
2018-09-19;178,20;178,30;178,35;179,30;178,05;178,50;178,612;1174870;209845375,29;3474;
2018-09-18;177,90;178,00;178,50;179,60;177,20;178,00;178,215;1107545;197385817,94;2846;
2018-09-17;179,20;179,30;178,45;180,00;178,25;179,35;179,21;989316;177292893,71;3272;
2018-09-14;179,55;179,65;177,55;179,60;176,75;179,55;178,515;1225439;218744405,53;3664;
2018-09-13;177,35;177,45;175,65;177,80;175,00;177,15;176,92;1967287;348089971,65;3484;
2018-09-12;175,85;175,95;170,95;176,10;170,35;176,00;174,941;2533559;443367892,79;5665;
2018-09-11;170,95;171,00;170,90;171,20;169,45;171,05;170,46;1039016;177097657,7;2730;
2018-09-10;170,75;170,85;168,65;171,10;168,60;170,50;170,437;761473;129787899,57;2273;
2018-09-07;168,55;168,65;168,60;170,10;167,70;168,70;168,78;1021912;172485655,93;2902;
2018-09-06;168,90;169,00;166,90;170,10;166,80;168,50;168,886;1155474;195142418,08;2907;
2018-09-05;167,60;167,70;168,00;168,20;166,25;167,25;167,314;1351020;226047511,69;3432;
2018-09-04;168,55;168,70;171,90;172,00;167,10;168,40;168,346;1642189;276457511,55;4230;
2018-09-03;172,05;172,15;171,00;172,60;170,70;171,90;171,85;618688;106321017,1;1872;
2018-08-31;171,20;171,30;172,50;172,85;171,20;171,70;171,692;1281933;220098385,86;2365;
2018-08-30;172,60;172,70;171,95;173,45;171,75;172,55;172,596;766724;132332487,65;2537;
2018-08-29;172,50;172,60;171,10;173,05;171,10;172,45;172,304;981386;169092777,8;2851;
2018-08-28;171,70;171,80;171,00;171,95;170,60;171,60;171,459;900349;154371098,93;2860;
2018-08-27;171,05;171,15;170,00;171,35;169,95;171,10;170,949;612228;104660021,12;2297;
2018-08-24;170,00;170,05;168,40;170,55;168,15;170,05;169,847;1759779;298944080,83;2384;
2018-08-23;168,35;168,50;168,20;169,85;168,20;168,70;169,066;1166297;197184174,11;3349;
2018-08-22;168,40;168,45;167,15;168,60;167,15;168,60;168,316;774348;130331972,53;2406;
2018-08-21;167,75;167,85;166,20;168,50;166,15;167,80;167,754;888711;149087890,03;2269;
2018-08-20;166,10;166,20;165,00;166,85;165,00;166,40;166,187;1061406;176316180,77;3270;
2018-08-17;165,25;165,30;163,65;165,50;163,65;165,50;165,039;971494;160324820,67;2699;
2018-08-16;164,75;164,85;164,65;165,00;163,75;164,80;164,574;835735;137534791,72;2613;
2018-08-15;164,00;164,10;165,40;166,55;163,75;164,10;164,947;754316;124424428,24;2043;
2018-08-14;165,05;165,15;166,00;166,60;165,05;165,65;165,633;742018;122903263,44;2253;
2018-08-13;166,10;166,15;166,30;166,55;165,65;166,00;166,072;716735;119030247,39;1882;
2018-08-10;166,70;166,80;167,05;168,20;166,45;166,60;166,985;618908;103349514,43;1898;
2018-08-09;168,10;168,15;167,00;168,25;166,60;168,15;167,76;487396;81764870,38;1921;
2018-08-08;167,30;167,40;166,10;167,50;165,75;167,20;166,756;786377;131131157,53;3062;
2018-08-07;165,90;166,00;165,00;166,50;165,00;166,10;166,01;708854;117677036,55;2324;
2018-08-06;164,95;165,00;165,50;165,65;164,70;165,05;165,104;903167;149119273,95;2695;
2018-08-03;165,15;165,20;164,65;165,80;164,65;165,30;165,39;765925;126676099,31;2787;
2018-08-02;164,75;164,85;164,15;165,50;163,60;164,60;164,76;750923;123723405,8;2331;
2018-08-01;164,55;164,65;165,60;166,10;164,45;164,55;164,881;793522;130837802,64;2453;
2018-07-31;165,35;165,45;164,70;166,15;164,70;165,60;165,585;2060724;341225052,37;2365;
2018-07-30;164,95;165,00;164,05;165,70;164,05;164,95;164,863;802418;132290161,81;2741;
2018-07-27;164,80;164,85;162,95;164,90;162,50;164,85;164,257;896491;147249859,31;2791;
2018-07-26;162,50;162,60;161,05;163,10;160,20;162,55;162,26;1130427;183419946,98;3924;
2018-07-25;160,55;160,60;159,05;162,35;158,40;160,30;160,691;1023837;164524897,01;4087;
2018-07-24;159,30;159,40;157,80;160,85;156,95;159,55;159,689;1659542;265026008,58;5027;
2018-07-23;157,70;157,75;156,10;159,15;156,10;157,85;158,079;1876288;296793826;6079;
2018-07-20;157,80;157,95;156,00;159,50;153,00;158,00;156,368;5152744;805708362,78;15258;
2018-07-19;165,30;165,35;164,70;166,10;164,35;165,65;165,462;1735168;287155371,34;4500;
2018-07-18;164,70;164,80;165,60;166,45;162,80;164,85;164,718;1352651;222805413,19;4648;
2018-07-17;166,10;166,15;166,45;166,85;165,60;166,15;166,213;942374;156657808,74;3058;
2018-07-16;166,60;166,65;162,75;166,70;162,55;166,45;165,466;1130747;187089179,15;3733;
2018-07-13;163,05;163,15;161,50;163,40;161,50;162,75;162,65;786132;127864073,85;2404;
2018-07-12;161,15;161,25;160,05;161,30;159,10;161,10;160,761;688896;110747039,9;2040;
2018-07-11;159,75;159,80;160,75;160,75;158,85;159,55;159,717;825301;131818450,31;2657;
2018-07-10;161,55;161,60;160,15;161,65;159,75;161,50;161,002;881564;141931416,36;2885;
2018-07-09;159,90;160,00;158,30;160,30;158,10;159,95;159,632;816740;130376279,63;2888;
2018-07-06;158,20;158,25;156,30;158,40;156,05;158,30;157,546;1129020;177870153,75;3639;
2018-07-05;155,95;156,00;156,05;157,05;155,45;156,15;156,20;880107;137468191,94;2968;
2018-07-04;155,95;156,05;157,00;157,30;155,60;156,15;156,397;886868;138700327,98;3422;
2018-07-03;156,95;157,05;158,20;158,75;156,85;157,10;157,448;987955;155553851,98;3143;
2018-07-02;157,80;157,90;161,95;162,05;157,15;158,15;158,91;1933105;307191753,57;4783;
2018-06-29;162,50;162,60;157,50;162,95;157,00;162,80;161,495;2601574;420127682,17;5878;
2018-06-28;156,55;156,65;157,30;158,15;155,30;156,45;156,652;1023561;160351988,26;3760;
2018-06-27;157,75;157,80;156,85;158,55;154,65;157,60;156,95;1496574;234884133,4;5048;
2018-06-26;156,80;156,85;155,95;157,30;155,95;156,85;156,784;1341005;210249285,89;4174;
2018-06-25;155,85;155,95;157,85;158,05;155,80;155,90;156,554;1201341;188074494,08;4067;
2018-06-21;158,05;158,15;160,10;160,30;157,65;157,85;158,689;1246343;197792853,32;3641;
2018-06-20;160,05;160,15;158,95;160,15;158,45;160,10;159,733;1521357;243006200,49;4478;
2018-06-19;158,30;158,40;157,00;158,65;156,55;158,60;158,042;1169297;184999703,69;3786;
2018-06-18;157,85;157,95;157,45;158,15;156,55;158,15;157,503;1106871;175669786,39;3157;
2018-06-15;158,15;158,20;159,90;160,00;157,90;158,05;158,43;1565108;247966092,81;4912;
2018-06-14;160,05;160,10;156,85;160,35;156,05;160,25;158,875;1696741;269411664,32;4811;
2018-06-13;157,15;157,20;157,15;158,30;156,20;157,15;157,243;1145638;180142495,24;4010;
2018-06-12;158,05;158,15;159,65;159,80;157,70;158,05;158,602;1436387;227843303,35;5644;
2018-06-11;158,85;158,95;159,55;159,80;157,10;159,15;158,663;1589068;252138230,01;5393;
2018-06-08;159,60;159,70;160,25;160,70;159,25;159,55;159,807;1001386;160037971,53;3535;
2018-06-07;160,85;160,95;163,30;163,30;159,70;160,65;160,643;1723607;276870597,9;5803;
2018-06-05;162,10;162,15;162,35;162,85;161,60;161,95;162,079;1802910;292281883,89;3843;
2018-06-04;162,35;162,45;163,75;164,80;162,35;162,45;162,942;1060260;172759260,21;3494;
2018-06-01;163,30;163,35;162,45;164,10;161,45;163,45;162,981;1192162;194322362,63;3847;
2018-05-31;161,95;162,05;164,45;165,40;161,95;162,35;162,981;2110652;343997008,67;5655;
2018-05-30;164,15;164,20;165,00;165,80;164,05;164,40;164,753;1344566;221520614,86;4590;
2018-05-29;166,40;166,45;166,90;167,25;165,00;166,40;166,248;1297205;215666278,92;4343;
2018-05-28;167,40;167,50;167,65;169,00;167,25;167,35;167,897;477804;80221472,55;1763;
2018-05-25;167,60;167,70;168,60;169,90;167,45;167,60;168,186;682411;114774679,53;2662;
2018-05-24;168,60;168,65;168,25;169,60;167,80;168,35;168,547;1016194;171277595,17;3473;
2018-05-23;168,20;168,25;170,00;170,00;167,75;168,50;168,702;992443;167421390,77;3062;
2018-05-22;170,45;170,50;171,05;171,60;169,80;170,40;170,439;859624;146409848,71;3091;
2018-05-21;170,40;170,50;170,00;171,65;170,00;170,85;171,019;942863;161160218,39;3131;
2018-05-18;169,65;169,75;168,35;170,40;168,30;169,65;169,774;1761846;299227545,66;4207;
2018-05-17;168,05;168,15;167,50;168,35;166,50;168,30;167,792;842418;141343321,95;3074;
2018-05-16;167,50;167,55;167,15;168,75;166,85;167,55;167,619;2082221;349022239,15;6286;
2018-05-15;167,55;167,65;168,05;169,80;166,90;167,40;168,035;1772762;297763484,23;5385;
2018-05-14;168,30;168,35;165,50;168,75;164,55;168,20;167,204;2350319;392984451,54;6203;
2018-05-11;164,95;165,05;166,45;168,40;164,70;165,05;166,121;2777440;461387338,27;8303;
2018-05-09;165,70;165,80;162,60;166,50;162,60;166,45;165,148;3523716;581937987,61;11691;
2018-05-08;172,80;172,90;172,50;173,90;171,75;173,25;172,767;2014759;348081053,84;5419;
2018-05-07;172,00;172,10;168,50;172,60;168,25;172,15;171,338;1345926;230606128,2;3936;
2018-05-04;168,55;168,65;167,45;169,15;167,40;168,65;168,321;1112680;187282685,51;4555;
2018-05-03;167,95;168,00;170,85;170,90;167,30;167,60;168,477;1326164;223427380,79;4196;
2018-05-02;170,45;170,50;171,10;172,40;169,90;170,45;170,855;1845066;315209955,33;6094;
2018-04-30;170,85;170,90;169,30;171,60;169,25;171,30;170,952;1161333;198530209,6;3625;
2018-04-27;169,05;169,10;168,90;169,30;167,75;169,30;168,682;828568;139763730,98;3070;
2018-04-26;168,50;168,55;166,75;169,35;166,65;168,90;168,392;1551387;261237501,07;4522;
2018-04-25;166,20;166,30;163,25;166,70;163,10;166,70;165,677;1974728;327168859,07;6487;
2018-04-24;163,30;163,35;162,00;166,70;161,95;163,55;164,527;1799749;296105592,05;6637;
2018-04-23;161,90;162,00;161,30;162,85;161,15;161,95;161,98;1613011;261330761,66;4890;
2018-04-20;161,00;161,10;160,40;162,10;159,90;161,00;161,249;2170120;350104756,94;5635;
2018-04-19;160,30;160,35;160,85;161,00;159,75;160,40;160,405;1545928;247998701,81;3215;
2018-04-18;160,60;160,75;160,00;161,00;158,90;160,30;160,04;455225;72854293,1;1747;
2018-04-17;160,55;160,65;158,75;161,15;158,75;160,65;160,192;1338430;214403789,02;5399;
2018-04-16;158,30;158,35;158,25;159,25;157,55;158,50;158,293;2651286;419691445,18;9612;
2018-04-13;166,85;167,00;164,30;168,55;164,30;166,85;166,925;2612294;436059068,44;8655;
2018-04-12;163,75;163,85;163,00;164,80;163,00;164,00;163,837;1246061;204152653,96;4788;
2018-04-11;163,20;163,25;164,75;166,95;162,60;162,85;164,107;2279193;374024398,75;7735;
2018-04-10;164,65;164,75;166,00;167,25;161,35;164,55;163,562;3194702;522532583,85;12155;
2018-04-09;167,30;167,45;167,15;169,40;166,60;167,25;167,672;1211969;203212177,62;4035;
2018-04-06;166,45;166,55;166,20;168,70;165,35;166,55;166,973;1043814;174288182,18;3545;
2018-04-05;166,70;166,80;165,50;166,90;164,00;166,85;165,837;1099573;182348639,77;3731;
2018-04-04;163,30;163,40;165,00;165,45;162,35;163,70;163,515;1417723;231818904,38;5308;
2018-04-03;164,90;165,00;168,00;168,85;164,20;164,60;165,669;2542876;422087673,51;6531;
2018-03-29;170,15;170,25;167,60;171,05;167,50;170,65;170,105;936496;159302737,9;2552;
2018-03-28;166,85;166,95;166,35;167,65;165,00;167,30;166,331;2040303;339265708,15;6175;
2018-03-27;168,25;168,40;167,95;169,50;166,80;168,30;168,23;1312865;220677395,94;3468;
2018-03-26;166,00;166,15;166,90;167,80;165,65;165,80;166,556;1435214;239104813,45;4272;
2018-03-23;166,45;166,60;165,50;168,55;164,70;166,60;166,11;1495392;248397922,64;5166;
2018-03-22;167,15;167,20;168,25;168,60;166,75;167,25;167,656;1763803;295860655,14;4929;
2018-03-21;169,40;169,50;169,35;169,90;168,50;169,10;169,238;987341;167095713,16;3406;
2018-03-20;169,40;169,45;170,10;170,65;168,30;169,35;169,166;809949;137015621,25;2911;
2018-03-19;169,90;170,00;171,65;171,65;169,10;169,80;170,065;1378903;234459860;3944;
2018-03-16;171,75;171,85;171,35;172,25;171,00;171,75;171,655;1686045;289417601,05;4786;
2018-03-15;171,25;171,30;168,90;171,70;168,85;171,35;170,44;1756847;299119768,85;4383;
2018-03-14;168,80;168,90;169,25;170,40;168,40;168,75;169,208;1041259;176189629,05;3552;
2018-03-13;168,80;168,90;171,30;173,05;168,05;168,90;170,493;1952236;332828410,66;6136;
2018-03-12;170,90;171,00;171,15;171,85;170,05;171,10;170,891;1234732;211018339,51;4223;
2018-03-09;170,40;170,50;167,80;171,65;167,05;170,35;169,703;1697108;288001436,41;5776;
2018-03-08;168,05;168,15;163,15;168,25;162,90;167,95;166,478;1498217;249417331,18;4484;
2018-03-07;162,70;162,80;164,35;164,40;161,70;162,85;162,805;1713790;279013989,05;5186;
2018-03-06;164,35;164,50;164,50;165,80;163,70;164,40;164,805;1364857;224934739,56;4540;
2018-03-05;163,50;163,60;161,10;164,15;161,10;163,50;163,12;1279933;208784001,18;4918;
2018-03-02;161,35;161,50;162,70;162,90;160,30;161,10;161,42;1668402;269316818,48;6217;
2018-03-01;163,85;164,00;165,05;165,75;163,50;163,65;164,291;1442368;236965008,1;4580;
2018-02-28;165,05;165,15;165,25;166,70;164,75;165,65;165,775;1599793;265200795,43;3972;
2018-02-27;165,65;165,75;166,50;167,45;165,40;165,40;166,237;998669;166017562,8;3924;
2018-02-26;165,80;165,90;167,50;167,70;165,65;165,95;166,395;1320161;219669052,83;5566;
2018-02-23;167,00;167,05;164,40;167,80;164,20;166,85;166,422;1824355;303610905,14;6778;
2018-02-22;164,20;164,30;162,50;164,30;161,65;163,95;163,135;1036135;169021188,98;3791;
2018-02-21;162,60;162,70;162,95;163,45;162,35;162,90;162,874;976177;161767213,05;3171;
2018-02-20;162,55;162,60;161,95;164,05;161,60;162,95;162,662;1465935;238447400,07;5004;
2018-02-19;162,20;162,30;164,60;164,70;162,05;162,35;163,316;1078494;177259235,35;3793;
2018-02-16;164,55;164,60;165,20;165,75;163,85;164,70;164,692;1412037;232660431,86;4245;
2018-02-15;164,05;164,15;165,50;165,50;162,50;164,30;164,23;1677303;275463023,68;5396;
2018-02-14;164,15;164,25;161,80;164,55;160,55;164,40;163,32;1706319;278676069,15;5534;
2018-02-13;160,80;160,90;161,05;162,95;160,75;160,85;161,492;1315071;212373441,96;5114;
2018-02-12;161,65;161,70;161,00;162,50;160,65;161,85;161,557;1314180;212304967,01;5164;
2018-02-09;158,90;159,00;159,10;161,90;158,25;159,05;160,002;2110543;337680542,14;7270;
2018-02-08;160,00;160,10;162,55;163,60;159,25;159,60;160,851;1779301;286196844,7;5660;
2018-02-07;162,60;162,75;160,00;163,50;158,50;162,60;161,31;2661360;429253207,98;8302;
2018-02-06;158,30;158,40;155,00;160,40;152,65;158,60;157,522;2814354;443338325,51;12329;
2018-02-05;159,30;159,35;162,30;162,30;158,40;159,65;160,014;2573620;411812865,9;9712;
2018-02-02;163,45;163,50;160,50;164,35;160,00;163,25;162,231;3011636;488575487,16;10867;
2018-02-01;158,50;158,60;165,00;168,30;158,20;158,90;161,005;2951145;475160432,81;10432;
2018-01-31;160,35;160,45;160,00;161,30;159,85;160,15;160,376;2280152;365681505,85;5202;
2018-01-30;159,90;160,00;162,00;162,45;159,75;159,95;160,576;1417549;227624036;4926;
2018-01-29;162,05;162,15;162,50;163,70;161,60;162,00;162,602;1156587;188077710,07;4135;
2018-01-26;161,90;162,00;160,25;162,30;159,60;161,80;161,332;2256346;364046755,58;4787;
2018-01-25;160,10;160,25;161,00;162,65;159,70;160,20;160,88;1907360;306855588,85;5530;
2018-01-24;161,10;161,15;162,75;162,80;160,70;161,05;161,357;1443378;232895158,98;4492;
2018-01-23;163,15;163,20;162,70;163,85;161,80;163,00;162,863;1631847;265770907,81;5398;
2018-01-22;162,60;162,70;160,40;163,00;160,40;162,20;162,166;1833276;298256577,21;5336;
2018-01-19;160,30;160,40;161,95;162,25;160,05;160,25;160,744;2380758;382692040,62;7789;
2018-01-18;161,10;161,20;159,65;163,55;156,90;161,50;160,888;4456842;717168190,65;15129;
2018-01-17;159,15;159,25;164,40;164,90;159,10;159,10;162,021;8117407;1315415136,03;27410;
2018-01-16;172,90;173,00;173,05;173,95;172,20;173,10;173,148;1152381;199532452,4;3942;
2018-01-15;173,45;173,55;173,50;174,00;172,35;173,55;173,306;1017398;176283422,06;3311;
2018-01-12;172,85;173,00;172,60;174,35;171,70;173,55;173,119;1319690;228462329,66;4387;
2018-01-11;172,95;173,05;174,90;174,90;172,35;172,75;173,26;1287614;223092215,05;4341;
2018-01-10;174,55;174,60;174,00;174,60;172,60;174,60;173,705;1577768;274062101,85;4910;
2018-01-09;173,60;173,70;171,20;176,95;171,20;173,55;174,03;2227095;387581349,77;7726;
2018-01-08;170,50;170,60;170,65;171,15;170,05;170,30;170,498;1296416;221037336,76;4091;
2018-01-05;169,70;169,80;168,80;170,10;168,30;169,65;169,582;721737;122394279,07;2518;
2018-01-04;168,70;168,75;167,35;170,45;167,30;168,75;168,973;2694929;454370693,7;5028;
2018-01-03;166,95;167,00;168,00;168,90;166,50;167,00;167,343;1581626;264675312,32;5386;
2018-01-02;168,00;168,10;170,50;170,55;167,85;167,90;168,708;1818643;306840852,34;6205;
2017-12-29;170,10;170,30;171,00;171,40;170,00;170,00;170,604;1070152;182577560,1;3581;
2017-12-28;170,70;170,90;170,20;171,30;168,70;170,40;170,622;1155132;197088841,15;4246;
2017-12-27;169,80;169,90;170,80;173,10;169,60;170,20;170,718;1440994;246004057,45;5084;
2017-12-22;170,70;170,80;171,50;171,50;170,00;171,00;170,558;1217293;207619480,4;4500;
2017-12-21;170,90;171,10;170,90;171,20;170,10;171,00;170,792;1159714;198072841,35;3416;
2017-12-20;170,90;171,00;171,80;172,50;170,80;170,90;171,341;2293878;393180921,8;4935;
2017-12-19;171,60;171,70;171,80;173,20;170,70;171,50;171,754;2406231;415664750,55;6135;
2017-12-18;171,50;171,60;172,60;173,00;169,10;171,80;171,258;3343140;574192453,91;8988;
2017-12-15;172,10;172,20;178,80;178,90;170,60;171,90;172,366;5735286;988302882,65;16229;
2017-12-14;181,50;181,70;181,90;183,90;181,20;181,20;182,389;2112356;385297166,45;3705;
2017-12-13;182,40;182,60;181,80;183,00;179,00;182,30;181,41;1609697;292025690,75;5571;
2017-12-12;182,60;182,80;183,30;184,80;182,20;183,00;183,268;917287;168109514,3;2779;
2017-12-11;183,20;183,40;182,60;185,00;181,90;183,30;183,376;1871610;343026838,65;3566;
2017-12-08;182,90;183,10;183,10;185,00;182,50;182,70;183,391;1179350;216287016,35;3533;
2017-12-07;181,50;181,70;181,30;183,90;181,20;181,40;181,971;1146429;208618992,2;3074;
2017-12-06;181,90;182,10;181,40;182,50;179,90;181,40;181,138;1248960;226231655,65;3990;
2017-12-05;184,40;184,60;184,60;186,90;183,50;184,00;184,886;1099484;203289931,85;3763;
2017-12-04;185,20;185,40;180,00;185,50;179,80;185,20;183,861;1804132;331710100,1;4279;
2017-12-01;179,30;179,60;184,00;184,00;178,90;178,90;180,259;1385887;249820492,55;5008;
2017-11-30;184,10;184,30;182,10;184,50;181,20;183,60;183,394;1624122;297855293,95;3525;
2017-11-29;182,10;182,30;181,40;182,50;181,00;182,30;181,903;955896;173868054,2;2778;
2017-11-28;180,50;180,60;177,90;180,90;177,80;180,50;180,046;1189371;214128252,8;3908;
2017-11-27;177,80;178,00;180,00;180,50;177,70;177,90;178,699;1303776;233011480,35;4374;
2017-11-24;180,00;180,20;181,00;181,80;179,90;180,00;180,583;703401;127034929,55;2678;
2017-11-23;181,40;181,60;180,00;182,10;179,90;181,10;181,157;1016566;184179748,95;3119;
2017-11-22;180,60;180,80;181,70;182,30;180,40;180,40;181,195;741631;134379964;2600;
2017-11-21;181,40;181,60;180,50;183,10;180,00;181,50;181,565;898657;163005625,05;3046;
2017-11-20;180,90;181,00;181,00;181,60;179,80;181,30;181,083;895075;162091892,2;2526;
2017-11-17;182,00;182,10;183,60;183,70;181,30;181,30;182,043;1332672;242630654,45;3644;
2017-11-16;184,10;184,30;183,40;184,70;182,70;184,20;183,848;874762;160823051,95;2835;
2017-11-15;182,60;182,80;182,10;182,90;181,50;182,50;182,166;1157754;210911680,7;3971;
2017-11-14;182,50;182,70;182,00;184,30;181,70;182,70;183,039;1091957;199839103,85;3482;
2017-11-13;181,60;181,70;182,50;182,90;180,50;181,70;181,568;873348;158569445,45;3315;
2017-11-10;182,60;182,70;183,00;183,90;181,80;182,70;182,771;840945;153700486,35;3110;
2017-11-09;183,40;183,60;184,60;185,10;182,60;183,50;183,713;1085003;199329000,75;3489;
2017-11-08;184,90;185,00;186,20;187,60;184,80;185,20;185,811;1434724;266605681,45;4466;
2017-11-07;186,20;186,30;187,00;188,40;185,70;186,10;186,871;1562311;291951041,35;4300;
2017-11-06;187,40;187,50;185,50;188,50;185,00;186,60;186,666;2444929;456385806,3;7173;
2017-11-03;184,50;184,60;183,10;184,60;182,50;184,60;183,672;713865;131116695;2554;
2017-11-02;182,10;182,20;181,90;183,20;181,80;182,30;182,347;994497;181343180,7;3390;
2017-11-01;181,30;181,40;183,70;184,20;181,30;181,70;182,402;1511132;275633430,5;5240;
2017-10-31;183,70;183,80;182,20;184,20;181,70;183,70;183,018;1752354;320699178,15;5893;
2017-10-30;181,40;181,50;177,90;182,30;177,00;181,60;180,357;3551249;640496380,8;10540;
2017-10-27;174,30;174,40;179,30;179,30;171,50;175,10;173,927;7310811;1271574650,4;24618;
2017-10-26;184,60;184,80;182,10;185,20;181,40;185,20;183,208;1535235;281267514,65;5070;
2017-10-25;182,30;182,50;183,40;184,50;182,10;182,60;183,075;1116739;204447097,45;3767;
2017-10-24;183,80;183,90;183,00;184,90;183,00;183,30;183,549;1153936;211583307;3565;
2017-10-23;183,30;183,40;183,60;185,10;183,00;183,30;183,705;1187033;218093180,9;3848;
2017-10-20;183,60;183,80;184,00;185,10;183,40;183,70;183,984;1154836;212472213,55;3717;
2017-10-19;183,30;183,40;182,00;183,60;181,80;183,60;183,086;1248095;228474240,95;3309;
2017-10-18;182,60;182,70;181,60;183,40;181,00;182,40;182,384;1271877;231969593,85;3812;
2017-10-17;182,00;182,20;184,20;184,50;180,70;181,70;182,25;2056859;374866706,1;6589;
2017-10-16;184,90;185,10;186,10;186,40;185,00;185,20;185,513;942179;174788630,1;3399;
2017-10-13;186,80;186,90;185,60;187,80;185,40;186,40;186,688;1561023;291431177,95;4520;
2017-10-12;185,90;186,10;185,50;187,00;184,70;185,60;185,789;1141383;212056182,65;3644;
2017-10-11;185,60;185,70;185,00;187,50;184,80;185,30;185,95;1501371;279195577,75;3975;
2017-10-10;184,90;185,00;185,50;185,50;184,00;184,60;184,581;1793052;330966966,7;3917;
2017-10-09;185,40;185,60;186,80;187,60;185,20;185,20;185,884;1842864;342560267,27;4561;
2017-10-06;186,80;187,00;190,00;190,10;186,10;186,80;187,364;1620007;303529541,65;6199;
2017-10-05;190,40;190,60;191,10;192,20;189,90;190,20;190,665;987766;188332348,75;3660;
2017-10-04;191,30;191,50;190,70;192,00;189,30;191,10;190,863;1402135;267615529,65;4957;
2017-10-03;190,30;190,50;188,10;190,60;187,20;190,30;189,081;1747534;330080080,5;4175;
2017-10-02;187,90;188,10;188,90;189,50;187,40;188,00;188,264;1045862;196897192,5;4067;
2017-09-29;188,80;188,90;188,00;189,70;186,90;188,70;188,279;1539440;289844735,8;4999;
2017-09-28;187,70;187,80;187,50;188,00;185,70;187,60;187,226;1543465;288976299,35;5049;
2017-09-27;187,20;187,30;182,40;187,30;182,40;186,90;186,003;2304243;428604802,9;7188;
2017-09-26;180,60;180,70;179,70;181,00;179,10;180,50;180,235;1120642;202177289,05;3865;
2017-09-25;179,70;179,80;182,40;182,40;179,10;179,60;179,989;1550510;279074511,65;7170;
2017-09-22;182,30;182,40;180,80;183,40;180,10;182,10;181,892;1201251;218497358,65;4592;
2017-09-21;180,80;181,00;179,00;181,30;179,00;180,80;180,216;1055640;190243594,2;3420;
2017-09-20;178,60;178,80;179,30;180,40;177,90;178,60;178,769;1056146;188805699,7;4214;
2017-09-19;179,70;179,80;180,20;181,90;179,60;179,60;180,394;1662103;299797747,6;4382;
2017-09-18;180,20;180,30;178,40;180,40;178,30;180,40;179,838;1470389;264470537,2;3352;
2017-09-15;178,10;178,30;179,80;180,50;177,80;177,80;178,571;1690078;301798965,9;4551;
2017-09-14;179,50;179,70;180,00;181,00;179,20;179,60;179,933;1231692;221622089,1;3709;
2017-09-13;179,80;179,90;182,30;182,40;179,40;180,30;180,317;1247944;225025998,1;3943;
2017-09-12;182,10;182,20;182,50;183,70;181,70;182,20;182,827;1942935;355298160,15;5124;
2017-09-11;181,90;182,10;179,50;182,30;179,50;182,00;181,70;1482051;269315119,8;4224;
2017-09-08;178,40;178,50;178,60;179,40;177,90;178,80;178,627;773741;138210543,15;2714;
2017-09-07;178,90;179,00;177,00;179,00;176,30;178,70;177,84;1262214;224474412,85;4148;
2017-09-06;176,40;176,60;177,80;178,70;176,50;176,80;177,565;1178065;209183161,95;4399;
2017-09-05;178,40;178,60;179,00;179,50;178,10;178,60;178,747;929978;166234511,2;3619;
2017-09-04;178,70;178,80;178,50;179,50;177,70;179,00;178,72;875640;156494189,2;3509;
2017-09-01;179,60;179,70;180,30;181,50;179,30;179,40;180,294;1746531;314860985,3;5794;
2017-08-31;180,20;180,30;178,00;180,70;176,50;179,50;179,478;2494579;447722100;7235;
2017-08-30;176,90;177,10;174,10;177,40;174,10;177,00;176,265;1947445;343267409,15;6843;
2017-08-29;172,30;172,50;173,70;174,20;171,60;172,20;172,331;1107894;190931037,5;4089;
2017-08-28;173,40;173,60;175,00;175,70;173,40;173,70;174,355;613189;106912388,1;3105;
2017-08-25;175,50;175,70;174,10;175,80;174,10;175,40;175,272;1045496;183245858,6;4182;
2017-08-24;173,80;174,00;176,00;176,30;173,30;174,00;174,396;1047095;182609118,7;4402;
2017-08-23;175,70;175,90;177,20;177,60;175,60;175,80;176,42;895798;158031274,55;4335;
2017-08-22;177,00;177,10;175,90;177,60;175,10;177,20;176,168;1491191;262553409,65;5686;
2017-08-21;175,60;175,70;177,40;177,70;174,70;175,50;175,947;1702062;299624726,7;5520;
2017-08-18;177,90;178,00;177,80;178,90;177,10;178,00;178,034;1787982;318339720,25;5726;
2017-08-17;179,10;179,20;182,00;182,00;178,80;179,00;179,981;1702750;306461749,1;6833;
2017-08-16;182,30;182,50;182,00;183,40;181,80;182,30;182,511;1210780;220980405,4;3820;
2017-08-15;181,50;181,60;183,20;183,50;181,50;181,70;182,281;886241;161544979,7;3648;
2017-08-14;182,80;183,00;182,20;183,70;182,20;183,20;183,10;970315;177665025,6;3918;
2017-08-11;181,80;182,00;183,00;183,20;181,60;181,80;182,147;791532;144175696,65;3168;
2017-08-10;183,10;183,30;185,00;185,10;183,10;183,60;184,018;949582;174740299,5;3178;
2017-08-09;184,80;185,00;184,40;186,10;183,80;184,90;185,153;1190857;220489576,75;4348;
2017-08-08;185,60;185,80;183,50;185,80;182,90;185,40;184,966;898645;166218768,2;3221;
2017-08-07;183,60;183,70;183,40;184,40;182,90;183,70;183,643;634098;116447807;3202;
2017-08-04;183,30;183,40;182,90;184,00;181,50;183,40;183,015;920427;168451209,2;4116;
2017-08-03;182,90;183,10;182,30;184,60;181,30;182,80;182,845;1118485;204508715,5;4265;
2017-08-02;182,60;182,80;184,60;185,30;182,00;182,60;183,054;1742510;319178333,45;5877;
2017-08-01;184,60;184,70;183,20;185,60;183,10;184,60;184,681;1311765;242258294;4559;
2017-07-31;184,30;184,50;185,10;185,70;183,60;183,60;184,20;2606340;480088183,75;5480;
2017-07-28;185,50;185,60;187,50;188,00;184,50;185,40;185,421;1285075;238279553,9;5448;
2017-07-27;187,70;187,80;187,50;189,60;187,10;187,60;187,988;1127122;211884944,75;3941;
2017-07-26;187,50;187,70;187,50;189,50;187,20;187,50;188,001;992284;186549972,7;3866;
2017-07-25;187,30;187,50;187,00;190,10;187,00;187,50;188,276;1337359;252024783,2;4969;
2017-07-24;187,10;187,20;189,40;190,00;187,00;187,00;187,787;1167330;219209914,1;4794;
2017-07-21;189,60;189,80;191,50;191,70;187,20;189,40;189,459;1904236;360774533,45;6629;
2017-07-20;191,70;192,00;193,80;197,40;191,10;192,00;193,768;2321465;450526011,7;6348;
2017-07-19;194,00;194,10;194,60;195,30;190,70;193,80;192,635;1649532;317701561,65;5035;
2017-07-18;193,20;193,40;196,00;196,40;192,20;193,30;193,881;2102871;407763849;6787;
2017-07-17;196,20;196,40;194,00;198,10;191,90;196,30;195,542;3059876;598332975,25;9275;
2017-07-14;193,30;193,50;199,50;199,80;192,60;193,80;195,794;6743398;1320145609;20288;
2017-07-13;206,20;206,30;206,70;207,40;205,70;206,50;206,49;1118237;230905204,1;3405;
2017-07-12;206,30;206,50;203,50;206,70;203,50;206,70;205,842;1360857;280120731,8;3865;
2017-07-11;203,50;203,70;205,20;206,00;203,60;204,00;204,605;1125567;230298480,4;3007;
2017-07-10;205,10;205,20;204,90;206,10;203,80;205,00;205,181;1083764;222368179,2;3047;
2017-07-07;203,80;204,00;204,10;204,70;203,60;204,10;203,955;807062;164604516,3;3092;
2017-07-06;204,10;204,20;204,70;205,30;203,40;204,10;203,971;1518301;309677074,3;5275;
2017-07-05;205,50;205,70;204,00;205,80;202,60;205,40;204,671;1095399;224196269,1;3657;
2017-07-04;204,30;204,50;204,00;204,60;203,40;204,00;204,172;886709;181038862,35;3134;
2017-07-03;204,30;204,50;200,30;205,30;200,30;204,50;202,947;1929403;391567814,65;5789;
2017-06-30;199,90;200,10;199,90;201,70;199,60;199,90;200,403;1163936;233256666,8;4108;
2017-06-29;199,90;200,00;204,50;204,70;199,10;199,90;201,083;1830019;367936204,6;6224;
2017-06-28;204,20;204,40;204,60;204,60;202,20;204,50;203,473;1425499;290054006,15;5396;
2017-06-27;204,80;204,90;207,40;207,60;204,50;204,80;205,656;1272503;261699286,85;4241;
2017-06-26;207,40;207,50;205,70;208,60;205,70;207,50;207,579;1375506;285528140,6;4505;
2017-06-22;208,40;208,50;210,50;210,70;208,10;208,10;208,911;1303757;272369522,6;4333;
2017-06-21;210,40;210,60;213,00;213,00;210,20;210,70;211,018;1552982;327706376,4;5038;
2017-06-20;213,50;213,60;212,00;213,70;211,00;213,10;212,82;1694421;360613788,95;5153;
2017-06-19;212,00;212,20;210,00;212,10;209,90;211,50;211,311;1461403;308663690,4;4872;
2017-06-16;207,40;207,60;205,80;208,60;205,70;207,70;207,368;1344817;278871584,8;4358;
2017-06-15;205,40;205,60;206,80;207,00;204,60;205,60;205,537;1353987;278294668,95;4283;
2017-06-14;206,70;206,80;206,90;208,00;206,30;206,50;207,089;989231;204860226,95;3537;
2017-06-13;206,50;206,60;206,40;207,20;205,60;206,80;206,524;1133723;234142816,9;3820;
2017-06-12;206,10;206,20;207,00;207,00;205,60;206,40;206,271;988735;203947300,1;3663;
2017-06-09;207,50;207,70;204,80;207,90;204,70;207,60;206,895;1241195;256797456,3;4267;
2017-06-08;205,10;205,20;205,00;205,90;204,40;205,20;205,114;1323338;271437958,1;4505;
2017-06-07;205,20;205,40;207,30;207,60;203,80;205,30;205,711;1836001;377698656,5;6021;
2017-06-05;208,70;208,90;209,00;209,70;208,20;208,30;208,734;900940;188057110,1;3172;
2017-06-02;209,00;209,10;207,00;209,50;207,00;208,90;208,929;1185454;247647073,95;3447;
2017-06-01;207,60;207,70;206,90;208,60;206,50;207,30;207,812;1169319;243005604,35;4012;
2017-05-31;207,40;207,50;207,20;208,10;206,70;206,90;207,151;2285211;473384651,5;5410;
2017-05-30;207,40;207,50;206,10;207,80;205,60;207,40;207,101;984584;203907552,3;3241;
2017-05-29;206,50;206,60;205,30;207,00;204,50;206,80;206,136;871072;179559076,8;3109;
2017-05-26;205,30;205,40;204,70;205,70;203,60;205,40;204,872;940590;192700806,55;3703;
2017-05-24;204,70;204,80;205,10;205,60;204,20;205,30;205,027;784494;160842198,3;2502;
2017-05-23;205,50;205,60;205,10;206,40;204,70;205,50;205,453;852043;175054544,65;3330;
2017-05-22;205,60;205,70;206,50;206,90;205,20;205,30;205,884;1411601;290908220,45;4309;
2017-05-19;205,40;205,60;205,00;206,70;204,80;205,80;205,647;1190322;244786028,6;4494;
2017-05-18;205,30;205,40;208,80;209,00;204,10;205,30;205,955;2116171;435837543,55;7667;
2017-05-17;209,20;209,40;212,80;213,50;209,20;209,40;211,218;1436713;303465273,52;4952;
2017-05-16;214,40;214,60;215,30;215,90;214,10;214,20;214,738;1003091;215397957,4;3694;
2017-05-15;214,80;214,90;215,70;216,40;214,30;215,00;215,08;1088030;234013801,6;3556;
2017-05-12;215,70;215,80;216,90;217,60;215,00;215,60;215,984;850171;183622823,45;3370;
2017-05-11;216,80;216,90;215,80;218,30;215,60;216,90;217,077;1626230;353019889,35;5657;
2017-05-10;215,70;215,90;216,40;217,30;215,60;215,80;216,079;1118442;241672497,4;3770;
2017-05-09;216,70;216,90;212,40;216,80;212,40;216,50;215,308;1760971;379261673,55;5110;
2017-05-08;212,10;212,20;212,30;212,60;211,00;212,10;211,892;1473627;312249204,6;4938;
